{"cameraMode":{"drawMode":0,"name":"Shaded","section":"Shading Mode"},"sceneLighting":false,"audioPlay":false,"sceneViewState":{"m_AlwaysRefresh":false,"showFog":true,"showSkybox":false,"showFlares":true,"showImageEffects":true,"showParticleSystems":true,"showVisualEffectGraphs":true,"m_FxEnabled":true},"in2DMode":false,"pivot":{"x":-0.21834181249141694,"y":0.6666995286941528,"z":-0.022069156169891359},"rotation":{"x":-0.0012038889108225704,"y":0.9948835968971252,"z":-0.10032389312982559,"w":-0.011939031071960926},"size":0.8660253882408142,"orthographic":false}