{"cameraMode":{"drawMode":0,"name":"Shaded","section":"Shading Mode"},"sceneLighting":false,"audioPlay":false,"sceneViewState":{"m_AlwaysRefresh":false,"showFog":true,"showSkybox":false,"showFlares":true,"showImageEffects":true,"showParticleSystems":true,"showVisualEffectGraphs":true,"m_FxEnabled":true},"in2DMode":false,"pivot":{"x":7.484000205993652,"y":2.0728635787963869,"z":5.6963348388671879},"rotation":{"x":-0.13954591751098634,"y":0.2727363407611847,"z":-0.04056042432785034,"w":-0.9512635469436646},"size":0.8243321180343628,"orthographic":false}