{"cameraMode":{"drawMode":0,"name":"Shaded","section":"Shading Mode"},"sceneLighting":true,"audioPlay":false,"sceneViewState":{"m_AlwaysRefresh":false,"showFog":true,"showSkybox":true,"showFlares":true,"showImageEffects":true,"showParticleSystems":true,"showVisualEffectGraphs":true,"m_FxEnabled":true},"in2DMode":false,"pivot":{"x":11.629714012145996,"y":0.7286220192909241,"z":6.348263263702393},"rotation":{"x":0.02032463625073433,"y":0.9695386290550232,"z":-0.22835075855255128,"w":0.08632351458072663},"size":4.207394599914551,"orthographic":false}