{"cameraMode":{"drawMode":0,"name":"Shaded","section":"Shading Mode"},"sceneLighting":true,"audioPlay":false,"sceneViewState":{"m_AlwaysRefresh":false,"showFog":true,"showSkybox":true,"showFlares":true,"showImageEffects":true,"showParticleSystems":true,"showVisualEffectGraphs":true,"m_FxEnabled":true},"in2DMode":false,"pivot":{"x":7.422545909881592,"y":3.1784234046936037,"z":-4.525571346282959},"rotation":{"x":-0.014313762076199055,"y":0.9027929902076721,"z":0.014442233368754387,"w":0.43154045939445498},"size":0.5660253763198853,"orthographic":false}