{"cameraMode":{"drawMode":0,"name":"Shaded","section":"Shading Mode"},"sceneLighting":true,"audioPlay":false,"sceneViewState":{"m_AlwaysRefresh":false,"showFog":true,"showSkybox":true,"showFlares":true,"showImageEffects":true,"showParticleSystems":true,"showVisualEffectGraphs":true,"m_FxEnabled":true},"in2DMode":false,"pivot":{"x":7.055468559265137,"y":2.680833339691162,"z":1.0343283414840699},"rotation":{"x":0.12489733844995499,"y":-0.3199554681777954,"z":0.04262685403227806,"w":0.9386031627655029},"size":0.8203794956207275,"orthographic":false}