{"cameraMode":{"drawMode":0,"name":"Shaded","section":"Shading Mode"},"sceneLighting":true,"audioPlay":false,"sceneViewState":{"m_AlwaysRefresh":false,"showFog":true,"showSkybox":true,"showFlares":true,"showImageEffects":true,"showParticleSystems":true,"showVisualEffectGraphs":true,"m_FxEnabled":true},"in2DMode":false,"pivot":{"x":2.1333067417144777,"y":1.2345918416976929,"z":4.584454536437988},"rotation":{"x":0.10917063057422638,"y":-0.08724907785654068,"z":0.009678956121206284,"w":0.9902487397193909},"size":4.153489589691162,"orthographic":false}