{"cameraMode":{"drawMode":0,"name":"Shaded","section":"Shading Mode"},"sceneLighting":true,"audioPlay":false,"sceneViewState":{"m_AlwaysRefresh":false,"showFog":true,"showSkybox":true,"showFlares":true,"showImageEffects":true,"showParticleSystems":true,"showVisualEffectGraphs":true,"m_FxEnabled":true},"in2DMode":false,"pivot":{"x":7.471978664398193,"y":2.5062785148620607,"z":1.882825255393982},"rotation":{"x":-0.1603391021490097,"y":-0.17022590339183808,"z":0.028081201016902925,"w":-0.9719107747077942},"size":0.9622945785522461,"orthographic":false}