{"cameraMode":{"drawMode":0,"name":"Shaded","section":"Shading Mode"},"sceneLighting":false,"audioPlay":false,"sceneViewState":{"m_AlwaysRefresh":false,"showFog":true,"showSkybox":true,"showFlares":true,"showImageEffects":true,"showParticleSystems":true,"showVisualEffectGraphs":true,"m_FxEnabled":true},"in2DMode":false,"pivot":{"x":6.986961364746094,"y":2.3737828731536867,"z":0.38358256220817568},"rotation":{"x":-0.09159310162067414,"y":0.4860230088233948,"z":-0.04861757531762123,"w":-0.8683587312698364},"size":1.0053359270095826,"orthographic":false}