{"cameraMode":{"drawMode":0,"name":"Shaded","section":"Shading Mode"},"sceneLighting":true,"audioPlay":false,"sceneViewState":{"m_AlwaysRefresh":false,"showFog":true,"showSkybox":true,"showFlares":true,"showImageEffects":true,"showParticleSystems":true,"showVisualEffectGraphs":true,"m_FxEnabled":true},"in2DMode":false,"pivot":{"x":2.230955123901367,"y":3.8739731311798097,"z":2.8028931617736818},"rotation":{"x":0.15333116054534913,"y":-0.7371065020561218,"z":0.17822200059890748,"w":0.6336724162101746},"size":4.153489589691162,"orthographic":false}