{"cameraMode":{"drawMode":0,"name":"Shaded","section":"Shading Mode"},"sceneLighting":false,"audioPlay":false,"sceneViewState":{"m_AlwaysRefresh":false,"showFog":true,"showSkybox":false,"showFlares":true,"showImageEffects":true,"showParticleSystems":true,"showVisualEffectGraphs":true,"m_FxEnabled":true},"in2DMode":false,"pivot":{"x":-8.867813110351563,"y":0.7549999952316284,"z":-9.959753036499024},"rotation":{"x":0.009554657153785229,"y":0.9901944994926453,"z":-0.10917213559150696,"w":0.08666568249464035},"size":2.909515380859375,"orthographic":false}