{"cameraMode":{"drawMode":0,"name":"Shaded","section":"Shading Mode"},"sceneLighting":false,"audioPlay":false,"sceneViewState":{"m_AlwaysRefresh":false,"showFog":false,"showSkybox":false,"showFlares":false,"showImageEffects":false,"showParticleSystems":false,"showVisualEffectGraphs":true,"m_FxEnabled":true},"in2DMode":false,"pivot":{"x":0.16091200709342957,"y":1.0204020738601685,"z":-0.07624423503875733},"rotation":{"x":0.0006139636971056461,"y":0.9915034770965576,"z":-0.13044357299804688,"w":0.0041274758987128738},"size":1.024130940437317,"orthographic":false}