{"cameraMode":{"drawMode":0,"name":"Shaded","section":"Shading Mode"},"sceneLighting":true,"audioPlay":false,"sceneViewState":{"m_AlwaysRefresh":false,"showFog":true,"showSkybox":true,"showFlares":true,"showImageEffects":true,"showParticleSystems":true,"showVisualEffectGraphs":true,"m_FxEnabled":true},"in2DMode":false,"pivot":{"x":7.118079662322998,"y":2.617544651031494,"z":1.4507609605789185},"rotation":{"x":-0.08757469058036804,"y":-0.2957567274570465,"z":0.027151457965373994,"w":-0.9509153366088867},"size":1.2540912628173829,"orthographic":false}