{"cameraMode":{"drawMode":0,"name":"Shaded","section":"Shading Mode"},"sceneLighting":false,"audioPlay":false,"sceneViewState":{"m_AlwaysRefresh":false,"showFog":false,"showSkybox":false,"showFlares":false,"showImageEffects":false,"showParticleSystems":false,"showVisualEffectGraphs":true,"m_FxEnabled":true},"in2DMode":false,"pivot":{"x":0.06814825534820557,"y":0.883048415184021,"z":0.03381085395812988},"rotation":{"x":0.14708955585956574,"y":-0.2665882110595703,"z":0.04125300794839859,"w":0.9520281553268433},"size":1.096346139907837,"orthographic":false}