{"cameraMode":{"drawMode":0,"name":"Shaded","section":"Shading Mode"},"sceneLighting":false,"audioPlay":false,"sceneViewState":{"m_AlwaysRefresh":false,"showFog":true,"showSkybox":false,"showFlares":true,"showImageEffects":true,"showParticleSystems":true,"showVisualEffectGraphs":true,"m_FxEnabled":true},"in2DMode":false,"pivot":{"x":8.602913856506348,"y":2.299999952316284,"z":2.919623851776123},"rotation":{"x":0.00814535841345787,"y":-0.9890417456626892,"z":0.15120798349380494,"w":0.016645614057779313},"size":1.0053359270095826,"orthographic":false}