{"cameraMode":{"drawMode":0,"name":"Shaded","section":"Shading Mode"},"sceneLighting":true,"audioPlay":false,"sceneViewState":{"m_AlwaysRefresh":false,"showFog":true,"showSkybox":false,"showFlares":true,"showImageEffects":true,"showParticleSystems":true,"showVisualEffectGraphs":true,"m_FxEnabled":true},"in2DMode":false,"pivot":{"x":-9.12000560760498,"y":1.4000000953674317,"z":6.619194507598877},"rotation":{"x":0.002170182066038251,"y":0.9872438907623291,"z":-0.14864720404148103,"w":0.07306677103042603},"size":1.1261928081512452,"orthographic":false}