{"cameraMode":{"drawMode":0,"name":"Shaded","section":"Shading Mode"},"sceneLighting":false,"audioPlay":false,"sceneViewState":{"m_AlwaysRefresh":false,"showFog":false,"showSkybox":false,"showFlares":false,"showImageEffects":false,"showParticleSystems":false,"showVisualEffectGraphs":true,"m_FxEnabled":true},"in2DMode":false,"pivot":{"x":-0.0026405875105410816,"y":1.1644703149795533,"z":-1.7377426624298096},"rotation":{"x":-0.000018703003661357798,"y":-0.9995421171188355,"z":-0.032686375081539157,"w":-0.0032657072879374029},"size":1.445569634437561,"orthographic":false}