{"cameraMode":{"drawMode":0,"name":"Shaded","section":"Shading Mode"},"sceneLighting":false,"audioPlay":false,"sceneViewState":{"m_AlwaysRefresh":false,"showFog":false,"showSkybox":false,"showFlares":false,"showImageEffects":false,"showParticleSystems":false,"showVisualEffectGraphs":true,"m_FxEnabled":true},"in2DMode":false,"pivot":{"x":-0.008739113807678223,"y":0.8958697319030762,"z":0.0381486713886261},"rotation":{"x":-0.20566104352474214,"y":-0.043184783309698108,"z":0.010197466239333153,"w":-0.9780446887016296},"size":1.024130940437317,"orthographic":false}